Workbook

Sheet Registre des risques
A1: ID | B1: Risque | C1: Catégorie | D1: Probabilité | E1: Impact | F1: Score | G1: Niveau | H1: Mesure de maîtrise | I1: Statut de la mesure | J1: Responsable | K1: Preuve | L1: Risque résiduel | M1: Acceptation du risque résiduel
A2: R-01 | B2: Fuite de données entre entraînement et test | C2: Modèle | D2: Moyenne | E2: Élevé | F2: =INDEX(Matrice!$B$3:$B$5,MATCH(D2,Matrice!$A$3:$A$5,0))*INDEX(Matrice!$E$3:$E$5,MATCH(E2,Matrice!$D$3:$D$5,0)) -> 6 | G2: =INDEX(Matrice!$H$3:$H$6,MATCH(F2,Matrice!$G$3:$G$6,1)) -> Élevé | H2: Split temporel, variables retardées et revue du protocole | I2: En place | J2: ML engineer | K2: evaluation_forecasting_report.json | L2: Faible | M2: =IF(OR(L2="Élevé",L2="Critique"),"Non acceptable : plan d’action requis",IF(L2="Moyen","À valider par le propriétaire métier","Acceptable sans validation")) -> Acceptable sans validation
A3: R-02 | B3: Données incorrectes ou incomplètes | C3: Données | D3: Élevée | E3: Élevé | F3: =INDEX(Matrice!$B$3:$B$5,MATCH(D3,Matrice!$A$3:$A$5,0))*INDEX(Matrice!$E$3:$E$5,MATCH(E3,Matrice!$D$3:$D$5,0)) -> 9 | G3: =INDEX(Matrice!$H$3:$H$6,MATCH(F3,Matrice!$G$3:$G$6,1)) -> Critique | H3: Validation, quarantaine, contrôles métier et rapport qualité | I3: En place | J3: Data engineer | K3: quality_report.json ; 003_quality_checks.sql | L3: Moyen | M3: =IF(OR(L3="Élevé",L3="Critique"),"Non acceptable : plan d’action requis",IF(L3="Moyen","À valider par le propriétaire métier","Acceptable sans validation")) -> À valider par le propriétaire métier
A4: R-03 | B4: Dérive de la demande | C4: Modèle | D4: Moyenne | E4: Élevé | F4: =INDEX(Matrice!$B$3:$B$5,MATCH(D4,Matrice!$A$3:$A$5,0))*INDEX(Matrice!$E$3:$E$5,MATCH(E4,Matrice!$D$3:$D$5,0)) -> 6 | G4: =INDEX(Matrice!$H$3:$H$6,MATCH(F4,Matrice!$G$3:$G$6,1)) -> Élevé | H4: Suivi MAE/RMSE, comparaison à la référence et politique de réentraînement | I4: En place | J4: ML engineer | K4: monitoring_report.json ; drift_report.json | L4: Moyen | M4: =IF(OR(L4="Élevé",L4="Critique"),"Non acceptable : plan d’action requis",IF(L4="Moyen","À valider par le propriétaire métier","Acceptable sans validation")) -> À valider par le propriétaire métier
A5: R-04 | B5: Surconfiance dans la recommandation | C5: Métier | D5: Moyenne | E5: Élevé | F5: =INDEX(Matrice!$B$3:$B$5,MATCH(D5,Matrice!$A$3:$A$5,0))*INDEX(Matrice!$E$3:$E$5,MATCH(E5,Matrice!$D$3:$D$5,0)) -> 6 | G5: =INDEX(Matrice!$H$3:$H$6,MATCH(F5,Matrice!$G$3:$G$6,1)) -> Élevé | H5: Validation humaine et affichage explicite des limites | I5: En place | J5: Propriétaire métier | K5: explainability_report.json | L5: Faible | M5: =IF(OR(L5="Élevé",L5="Critique"),"Non acceptable : plan d’action requis",IF(L5="Moyen","À valider par le propriétaire métier","Acceptable sans validation")) -> Acceptable sans validation
A6: R-05 | B6: Secret exposé dans le dépôt | C6: Sécurité | D6: Faible | E6: Élevé | F6: =INDEX(Matrice!$B$3:$B$5,MATCH(D6,Matrice!$A$3:$A$5,0))*INDEX(Matrice!$E$3:$E$5,MATCH(E6,Matrice!$D$3:$D$5,0)) -> 3 | G6: =INDEX(Matrice!$H$3:$H$6,MATCH(F6,Matrice!$G$3:$G$6,1)) -> Moyen | H6: Variables d’environnement (.env non versionné), .gitignore, scan de secrets (gitleaks) en CI et revue avant dépôt | I6: En place | J6: Responsable sécurité | K6: .env.example ; .gitignore ; .github/workflows/secret-scan.yml | L6: Faible | M6: =IF(OR(L6="Élevé",L6="Critique"),"Non acceptable : plan d’action requis",IF(L6="Moyen","À valider par le propriétaire métier","Acceptable sans validation")) -> Acceptable sans validation
A7: R-06 | B7: Biais de disponibilité par catégorie | C7: Équité | D7: Moyenne | E7: Moyen | F7: =INDEX(Matrice!$B$3:$B$5,MATCH(D7,Matrice!$A$3:$A$5,0))*INDEX(Matrice!$E$3:$E$5,MATCH(E7,Matrice!$D$3:$D$5,0)) -> 4 | G7: =INDEX(Matrice!$H$3:$H$6,MATCH(F7,Matrice!$G$3:$G$6,1)) -> Moyen | H7: Analyse d’erreur par catégorie et documentation des limites | I7: En place | J7: ML engineer | K7: bias_report.json | L7: Moyen | M7: =IF(OR(L7="Élevé",L7="Critique"),"Non acceptable : plan d’action requis",IF(L7="Moyen","À valider par le propriétaire métier","Acceptable sans validation")) -> À valider par le propriétaire métier
A8: R-07 | B8: Indisponibilité du stockage | C8: Architecture | D8: Faible | E8: Élevé | F8: =INDEX(Matrice!$B$3:$B$5,MATCH(D8,Matrice!$A$3:$A$5,0))*INDEX(Matrice!$E$3:$E$5,MATCH(E8,Matrice!$D$3:$D$5,0)) -> 3 | G8: =INDEX(Matrice!$H$3:$H$6,MATCH(F8,Matrice!$G$3:$G$6,1)) -> Moyen | H8: Docker Compose, SQLite de secours et scripts reproductibles | I8: En place | J8: Data engineer | K8: architecture_decisions.md | L8: Faible | M8: =IF(OR(L8="Élevé",L8="Critique"),"Non acceptable : plan d’action requis",IF(L8="Moyen","À valider par le propriétaire métier","Acceptable sans validation")) -> Acceptable sans validation
A9: R-08 | B9: Erreur silencieuse du pipeline | C9: Opérations | D9: Moyenne | E9: Élevé | F9: =INDEX(Matrice!$B$3:$B$5,MATCH(D9,Matrice!$A$3:$A$5,0))*INDEX(Matrice!$E$3:$E$5,MATCH(E9,Matrice!$D$3:$D$5,0)) -> 6 | G9: =INDEX(Matrice!$H$3:$H$6,MATCH(F9,Matrice!$G$3:$G$6,1)) -> Élevé | H9: Logs, codes de retour, rapports et tests d’intégration | I9: En place | J9: Data engineer | K9: pipeline_report.json | L9: Faible | M9: =IF(OR(L9="Élevé",L9="Critique"),"Non acceptable : plan d’action requis",IF(L9="Moyen","À valider par le propriétaire métier","Acceptable sans validation")) -> Acceptable sans validation
A10: R-09 | B10: Accès non autorisé à la base de données | C10: Sécurité | D10: Faible | E10: Moyen | F10: =INDEX(Matrice!$B$3:$B$5,MATCH(D10,Matrice!$A$3:$A$5,0))*INDEX(Matrice!$E$3:$E$5,MATCH(E10,Matrice!$D$3:$D$5,0)) -> 2 | G10: =INDEX(Matrice!$H$3:$H$6,MATCH(F10,Matrice!$G$3:$G$6,1)) -> Faible | H10: Rôles de moindre privilège (lecture, écriture, maintenance), mots de passe hors dépôt, port limité à 127.0.0.1 | I10: En place | J10: Responsable sécurité | K10: 004_roles.sql ; docker-compose.yml | L10: Faible | M10: =IF(OR(L10="Élevé",L10="Critique"),"Non acceptable : plan d’action requis",IF(L10="Moyen","À valider par le propriétaire métier","Acceptable sans validation")) -> Acceptable sans validation
A11: R-10 | B11: Introduction de données personnelles réelles | C11: Conformité | D11: Faible | E11: Élevé | F11: =INDEX(Matrice!$B$3:$B$5,MATCH(D11,Matrice!$A$3:$A$5,0))*INDEX(Matrice!$E$3:$E$5,MATCH(E11,Matrice!$D$3:$D$5,0)) -> 3 | G11: =INDEX(Matrice!$H$3:$H$6,MATCH(F11,Matrice!$G$3:$G$6,1)) -> Moyen | H11: Périmètre synthétique documenté, procédure d’exercice des droits, analyse d’impact avant toute donnée réelle | I11: En place | J11: Data owner | K11: data_subject_rights.md ; plan_gouvernance.md | L11: Faible | M11: =IF(OR(L11="Élevé",L11="Critique"),"Non acceptable : plan d’action requis",IF(L11="Moyen","À valider par le propriétaire métier","Acceptable sans validation")) -> Acceptable sans validation
A12: R-11 | B12: Sous-estimation de la demande pendant les ruptures | C12: Modèle | D12: Moyenne | E12: Moyen | F12: =INDEX(Matrice!$B$3:$B$5,MATCH(D12,Matrice!$A$3:$A$5,0))*INDEX(Matrice!$E$3:$E$5,MATCH(E12,Matrice!$D$3:$D$5,0)) -> 4 | G12: =INDEX(Matrice!$H$3:$H$6,MATCH(F12,Matrice!$G$3:$G$6,1)) -> Moyen | H12: Signaler ou exclure les semaines en rupture (stockout_flag) de l’entraînement et documenter la limite | I12: Planifiée | J12: ML engineer | K12: — (à produire : bias_report.json) | L12: Moyen | M12: =IF(OR(L12="Élevé",L12="Critique"),"Non acceptable : plan d’action requis",IF(L12="Moyen","À valider par le propriétaire métier","Acceptable sans validation")) -> À valider par le propriétaire métier
A13: R-12 | B13: Évaluation trop optimiste du modèle | C13: Modèle | D13: Moyenne | E13: Moyen | F13: =INDEX(Matrice!$B$3:$B$5,MATCH(D13,Matrice!$A$3:$A$5,0))*INDEX(Matrice!$E$3:$E$5,MATCH(E13,Matrice!$D$3:$D$5,0)) -> 4 | G13: =INDEX(Matrice!$H$3:$H$6,MATCH(F13,Matrice!$G$3:$G$6,1)) -> Moyen | H13: Baseline saisonnière, rétro-test glissant sur plusieurs fenêtres de 12 semaines, métriques MAE, RMSE et WAPE | I13: Planifiée | J13: ML engineer | K13: — (à produire : evaluation_forecasting_report.json) | L13: Moyen | M13: =IF(OR(L13="Élevé",L13="Critique"),"Non acceptable : plan d’action requis",IF(L13="Moyen","À valider par le propriétaire métier","Acceptable sans validation")) -> À valider par le propriétaire métier
A14: R-13 | B14: Dépendance logicielle vulnérable | C14: Sécurité | D14: Faible | E14: Moyen | F14: =INDEX(Matrice!$B$3:$B$5,MATCH(D14,Matrice!$A$3:$A$5,0))*INDEX(Matrice!$E$3:$E$5,MATCH(E14,Matrice!$D$3:$D$5,0)) -> 2 | G14: =INDEX(Matrice!$H$3:$H$6,MATCH(F14,Matrice!$G$3:$G$6,1)) -> Faible | H14: Analyse des dépendances (pip-audit ou Dependabot) en CI, versions épinglées dans requirements.txt | I14: Planifiée | J14: Responsable sécurité | K14: — (à produire : rapport pip-audit) | L14: Faible | M14: =IF(OR(L14="Élevé",L14="Critique"),"Non acceptable : plan d’action requis",IF(L14="Moyen","À valider par le propriétaire métier","Acceptable sans validation")) -> Acceptable sans validation

Sheet Matrice
A1: Probabilité | D1: Impact | G1: Niveau selon le score
A2: Probabilité | B2: Score | D2: Impact | E2: Score | G2: Score minimal | H2: Niveau
A3: Faible | B3: 1 | D3: Faible | E3: 1 | G3: 1 | H3: Faible
A4: Moyenne | B4: 2 | D4: Moyen | E4: 2 | G4: 3 | H4: Moyen
A5: Élevée | B5: 3 | D5: Élevé | E5: 3 | G5: 6 | H5: Élevé
G6: 9 | H6: Critique
A9: Grille probabilité x impact
A10: Probabilité et impact | B10: =D3 -> Faible | C10: =D4 -> Moyen | D10: =D5 -> Élevé
A11: =A3 -> Faible | B11: =INDEX($H$3:$H$6,MATCH(INDEX($B$3:$B$5,MATCH($A11,$A$3:$A$5,0))*INDEX($E$3:$E$5,MATCH(B$10,$D$3:$D$5,0)),$G$3:$G$6,1)) -> Faible | C11: =INDEX($H$3:$H$6,MATCH(INDEX($B$3:$B$5,MATCH($A11,$A$3:$A$5,0))*INDEX($E$3:$E$5,MATCH(C$10,$D$3:$D$5,0)),$G$3:$G$6,1)) -> Faible | D11: =INDEX($H$3:$H$6,MATCH(INDEX($B$3:$B$5,MATCH($A11,$A$3:$A$5,0))*INDEX($E$3:$E$5,MATCH(D$10,$D$3:$D$5,0)),$G$3:$G$6,1)) -> Moyen
A12: =A4 -> Moyenne | B12: =INDEX($H$3:$H$6,MATCH(INDEX($B$3:$B$5,MATCH($A12,$A$3:$A$5,0))*INDEX($E$3:$E$5,MATCH(B$10,$D$3:$D$5,0)),$G$3:$G$6,1)) -> Faible | C12: =INDEX($H$3:$H$6,MATCH(INDEX($B$3:$B$5,MATCH($A12,$A$3:$A$5,0))*INDEX($E$3:$E$5,MATCH(C$10,$D$3:$D$5,0)),$G$3:$G$6,1)) -> Moyen | D12: =INDEX($H$3:$H$6,MATCH(INDEX($B$3:$B$5,MATCH($A12,$A$3:$A$5,0))*INDEX($E$3:$E$5,MATCH(D$10,$D$3:$D$5,0)),$G$3:$G$6,1)) -> Élevé
A13: =A5 -> Élevée | B13: =INDEX($H$3:$H$6,MATCH(INDEX($B$3:$B$5,MATCH($A13,$A$3:$A$5,0))*INDEX($E$3:$E$5,MATCH(B$10,$D$3:$D$5,0)),$G$3:$G$6,1)) -> Moyen | C13: =INDEX($H$3:$H$6,MATCH(INDEX($B$3:$B$5,MATCH($A13,$A$3:$A$5,0))*INDEX($E$3:$E$5,MATCH(C$10,$D$3:$D$5,0)),$G$3:$G$6,1)) -> Élevé | D13: =INDEX($H$3:$H$6,MATCH(INDEX($B$3:$B$5,MATCH($A13,$A$3:$A$5,0))*INDEX($E$3:$E$5,MATCH(D$10,$D$3:$D$5,0)),$G$3:$G$6,1)) -> Critique
A16: Convention
A17: Niveau = score de probabilité x score d’impact, converti avec le tableau Score minimal / Niveau.
A18: Le niveau et l’acceptation sont calculés par formule : modifier uniquement la probabilité, l’impact et le risque résiduel.
A19: Risque résiduel : évalué après application de la mesure. Un résiduel Moyen est à valider par le propriétaire métier ; Élevé ou Critique impose un plan d’action.
A20: Statut de la mesure : En place (preuve disponible) ou Planifiée (preuve à produire).
A21: Revue du registre : chaque trimestre et à chaque réentraînement du modèle.
